{
  "discovery": {
    "controls_at_most_0_35": true,
    "false_write_below_0_25": true,
    "full_bacc_at_least_0_75": true,
    "host_loss_not_worsened": true,
    "overwrite_above_0_75": false
  },
  "proxy": {
    "controls_at_most_0_35": true,
    "false_write_below_0_20": true,
    "full_bacc_at_least_0_75": true,
    "high_ce_deletion_above_random": true,
    "host_loss_nonworsening": true,
    "overwrite_above_0_80": true
  },
  "official": {
    "full_versioned_delayed_verification": {
      "audit_full": 0.7583333333333334,
      "audit_no_state": 0.25416666666666665,
      "audit_reset": 0.25416666666666665,
      "evictions": 126.66666666666667,
      "fallback_rate": 0.0,
      "false_write_rate": 0.0,
      "high_ce_deletion": 0.2958133998869528,
      "host_loss_full": 1.1646790107091267,
      "host_loss_reset": 1.3966143528620403,
      "occupancy": 1.878472222222222,
      "overwrite_correctness": 0.7506944444444444,
      "random_deletion": 0.0,
      "retrieval_precision": 0.9574342571462399,
      "retrieval_recall": 0.7506944444444444,
      "stale_version_error": 0.03333333333333333,
      "version_selection_accuracy": 0.7506944444444444
    },
    "hysteresis_only": {
      "audit_full": 0.7736111111111111,
      "audit_no_state": 0.24444444444444446,
      "audit_reset": 0.24444444444444446,
      "evictions": 0.0,
      "fallback_rate": 0.0,
      "false_write_rate": 0.00034722222222222224,
      "high_ce_deletion": 0.23675439887576633,
      "host_loss_full": 1.1598598559697468,
      "host_loss_reset": 1.3966143528620403,
      "occupancy": 1.0,
      "overwrite_correctness": 0.7506944444444444,
      "random_deletion": 0.0,
      "retrieval_precision": 0.7506944444444444,
      "retrieval_recall": 0.7506944444444444,
      "stale_version_error": 0.03333333333333333,
      "version_selection_accuracy": 0.7506944444444444
    },
    "immediate_overwrite": {
      "audit_full": 0.4000000000000001,
      "audit_no_state": 0.24305555555555555,
      "audit_reset": 0.24305555555555555,
      "evictions": 0.0,
      "fallback_rate": 0.0,
      "false_write_rate": 0.0,
      "high_ce_deletion": 0.0851386822346184,
      "host_loss_full": 1.3114755948384602,
      "host_loss_reset": 1.3966143528620403,
      "occupancy": 1.0,
      "overwrite_correctness": 0.21944444444444444,
      "random_deletion": 0.0,
      "retrieval_precision": 0.21944444444444444,
      "retrieval_recall": 0.21944444444444444,
      "stale_version_error": 0.0,
      "version_selection_accuracy": 0.21944444444444444
    },
    "version_store_no_verification": {
      "audit_full": 0.6347222222222221,
      "audit_no_state": 0.23611111111111108,
      "audit_reset": 0.23611111111111108,
      "evictions": 1358.6666666666667,
      "fallback_rate": 0.0,
      "false_write_rate": 0.19930555555555554,
      "high_ce_deletion": 0.17379523507422875,
      "host_loss_full": 1.2228190501530964,
      "host_loss_reset": 1.3966143528620403,
      "occupancy": 3.0,
      "overwrite_correctness": 0.5513888888888889,
      "random_deletion": 0.0,
      "retrieval_precision": 0.5513888888888889,
      "retrieval_recall": 0.5513888888888889,
      "stale_version_error": 0.003472222222222222,
      "version_selection_accuracy": 0.5513888888888889
    }
  },
  "dino_semantic": {
    "pooled_seed0": {
      "loss_with_memory": 0.9613930508494377,
      "loss_without_memory": 0.9681346192955971,
      "audit": {
        "full": 0.3916666666666666,
        "reset": 0.2520833333333333,
        "no_state": 0.25,
        "passed": false
      },
      "spearman": 0.38235294818878174,
      "delete_high_ce": 0.018805359839461744,
      "delete_random": 2.2486434318125248e-05,
      "group_delete_cue": 0.08559084683656693,
      "group_delete_random": -0.00014593452215194702
    },
    "random_seed0": {
      "loss_with_memory": 0.8791629523038864,
      "loss_without_memory": 0.9812795743346214,
      "audit": {
        "full": 0.9395833333333333,
        "reset": 0.25,
        "no_state": 0.25,
        "passed": true
      },
      "spearman": 0.6676470637321472,
      "delete_high_ce": 0.04253065423108637,
      "delete_random": 0.012382237706333399
    },
    "surprise_semantic": [
      {
        "seed": 0,
        "loss_with_memory": 0.8193590715527534,
        "loss_without_memory": 1.3983565717935562,
        "audit_full": 0.9979166666666667,
        "audit_reset": 0.25,
        "audit_no_state": 0.25,
        "spearman": 0.24705882370471954,
        "delete_high_ce": 0.18467194761615247,
        "delete_random": 0.004040918778628111
      },
      {
        "seed": 1,
        "loss_with_memory": 0.7998970150947571,
        "loss_without_memory": 1.5169506520032883,
        "audit_full": 1.0,
        "audit_reset": 0.25,
        "audit_no_state": 0.25,
        "spearman": 0.2705882489681244,
        "delete_high_ce": 0.22685954591725022,
        "delete_random": 0.001535946736112237
      },
      {
        "seed": 2,
        "loss_with_memory": 0.8240211233496666,
        "loss_without_memory": 1.3257092237472534,
        "audit_full": 1.0,
        "audit_reset": 0.25,
        "audit_no_state": 0.25,
        "spearman": 0.4588235318660736,
        "delete_high_ce": 0.18420079303905368,
        "delete_random": 0.004963516956195235
      }
    ]
  },
  "lewm": {
    "semantic": {
      "seeds": [
        0,
        1,
        2
      ],
      "host_output_bacc": {
        "mean": 0.7875000000000001,
        "std": 0.009001028747788731,
        "by_seed": [
          0.8000000000000002,
          0.7791666666666668,
          0.7833333333333333
        ]
      },
      "max_control_bacc": {
        "mean": 0.18333333333333335,
        "by_seed": [
          0.19791666666666666,
          0.17708333333333334,
          0.17500000000000002
        ]
      },
      "geometry_pearson": {
        "mean": 0.991913925107736,
        "std": 0.0002117751338153037,
        "by_seed": [
          0.9916228875407694,
          0.9921206477466075,
          0.991998240035831
        ]
      },
      "geometry_rank": {
        "mean": 0.9792658730158728,
        "std": 0.0007681208147227484,
        "by_seed": [
          0.9785639880952378,
          0.9788988095238094,
          0.9803348214285712
        ]
      },
      "host_loss": {
        "mean": 0.361791729927063,
        "std": 0.0033373649522955,
        "by_seed": [
          0.3663938641548157,
          0.36039745807647705,
          0.35858386754989624
        ]
      },
      "cue_deletion_delta": {
        "mean": 0.06357281903425853,
        "std": 0.0164131573796931,
        "by_seed": [
          0.08256296813488007,
          0.06563708186149597,
          0.042518407106399536
        ]
      },
      "ladder": {
        "memory_only": {
          "mean": 0.8375,
          "std": 0.0,
          "by_seed": [
            0.8375,
            0.8375,
            0.8375
          ]
        },
        "bottleneck_code": {
          "mean": 0.7819444444444444,
          "std": 0.002598373185259623,
          "by_seed": [
            0.7854166666666665,
            0.78125,
            0.7791666666666667
          ]
        },
        "decoded_conditioning": {
          "mean": 0.7604166666666666,
          "std": 0.014533645511428018,
          "by_seed": [
            0.7583333333333333,
            0.74375,
            0.7791666666666667
          ]
        },
        "host_output": {
          "mean": 0.7875000000000001,
          "std": 0.009001028747788731,
          "by_seed": [
            0.8000000000000002,
            0.7791666666666668,
            0.7833333333333333
          ]
        }
      },
      "all_seeds_passed": true
    },
    "tokens": {
      "trainable_parameter_count": 1306184,
      "diagnostic_ladder_mean": {
        "memory_only": 0.9840277777777778,
        "memory_token": 0.982638888888889,
        "host_output": 0.8194444444444445
      },