{
  "env": "dmc:reacher.hard.occ",
  "design": "hacsmv4",
  "n_actions": 6,
  "val_pred_loss": 0.5968163800239563,
  "infl_fast": 2.1330740451812744,
  "infl_slow": 2.1330740451812744,
  "prototype_seed": 0,
  "dataset_schema_version": 3,
  "feature_schema_version": 1,
  "feature_manifest": "outputs/smt_v3_shared/dino_features_d128/dmc_reacher_hard_manifest.json",
  "feature_manifest_sha256": "20b338e765c457d64d65e9bb290c599664c0b9bc77ab521ecc6df1950008f63c",
  "target_env": "dmc:reacher.hard",
  "masked_clean_blackout_loss": true,
  "first_post_loss_weight": 0.5,
  "hier_loss_weight": 0.1,
  "hier_loss_weight_effective": 0.1,
  "val_pred_loss_target_kind": "observed_pre_post_only",
  "deep_blackout_target_kind": "evaluation_only_hidden_clean",
  "primary_common_target_metric": "clean_mse_first_post",
  "encoder_frozen": false,
  "encoder_type": "precomputed",
  "predictor_norm": "layer",
  "external_features_fixed": true,
  "encoder_checkpoint": null,
  "encoder_stats": null,
  "encoder_stats_sha256": null,
  "trainable_parameters": 851334,
  "tau_fast": 2.0,
  "tau_slow": 32.0,
  "alpha_fast": 0.39346933364868164,
  "alpha_slow": 0.030766764655709267,
  "n_banks": 3.0,
  "tau_0": 2.0,
  "beta_0": 0.39346933364868164,
  "tau_1": 8.0,
  "beta_1": 0.1175030991435051,
  "tau_2": 32.0,
  "beta_2": 0.030766764655709267,
  "val_hier_loss": 0.7940260195732116,
  "val_hier_loss_fast": 0.6887720568974813,
  "val_hier_loss_medium": 0.6759130930900574,
  "val_hier_loss_slow": 1.0173928912480672,
  "val_hier_loss_h1": 0.6746708901723226,
  "val_hier_loss_h2": 0.7028732403119405,
  "val_hier_loss_h4": 0.6191186348597209,
  "val_hier_loss_h8": 0.7327075767517089,
  "val_hier_loss_h16": 1.0173928912480672,
  "clean_mse_pre": 0.37746569514274597,
  "clean_mse_pre_ablated": 0.39766424894332886,
  "constant_mse_pre": 1.1196157932281494,
  "persistence_mse_pre": 0.20877958834171295,
  "last_visible_mse_pre": 0.20877958834171295,
  "clean_input_mse_pre": 0.37746569514274597,
  "clean_mse_blackout_transition": 0.524722158908844,
  "clean_mse_blackout_transition_ablated": 0.7165367007255554,
  "constant_mse_blackout_transition": 1.1364946365356445,
  "persistence_mse_blackout_transition": 9.674826622009277,
  "last_visible_mse_blackout_transition": 0.3112848997116089,
  "clean_input_mse_blackout_transition": 0.37211331725120544,
  "clean_mse_deep_blackout": 0.7208884358406067,
  "clean_mse_deep_blackout_ablated": 2.039412260055542,
  "constant_mse_deep_blackout": 1.1701585054397583,
  "persistence_mse_deep_blackout": 14.394152641296387,
  "last_visible_mse_deep_blackout": 0.5814878344535828,
  "clean_input_mse_deep_blackout": 0.3842736780643463,
  "clean_mse_first_post": 0.782945454120636,
  "clean_mse_first_post_ablated": 2.0230886936187744,
  "constant_mse_first_post": 1.1618891954421997,
  "persistence_mse_first_post": 14.402030944824219,
  "last_visible_mse_first_post": 0.7168161869049072,
  "clean_input_mse_first_post": 0.38874486088752747,
  "clean_mse_recovery": 0.3867001235485077,
  "clean_mse_recovery_ablated": 0.4144817292690277,
  "constant_mse_recovery": 1.175183653831482,
  "persistence_mse_recovery": 0.21004924178123474,
  "last_visible_mse_recovery": 0.21004924178123474,
  "clean_input_mse_recovery": 0.38655272126197815,
  "clean_mse_late_post": 0.4036310613155365,
  "clean_mse_late_post_ablated": 0.4260174036026001,
  "constant_mse_late_post": 1.1862863302230835,
  "persistence_mse_late_post": 0.2337365746498108,
  "last_visible_mse_late_post": 0.2337365746498108,
  "clean_input_mse_late_post": 0.40415605902671814,
  "clean_mse_all": 0.4545738101005554,
  "clean_mse_all_ablated": 0.6704059839248657,
  "constant_mse_all": 1.1617672443389893,
  "persistence_mse_all": 3.1561756134033203,
  "last_visible_mse_all": 0.2867332696914673,
  "clean_input_mse_all": 0.39059650897979736,
  "prediction_target_times": [
    3,
    4,
    5,
    6,
    7,
    8,
    9,
    10,
    11,
    12,
    13,
    14,
    15,
    16,
    17,
    18,
    19,
    20,
    21,
    22,
    23,
    24,
    25,
    26,
    27,
    28,
    29,
    30,
    31
  ],
  "clean_mse_by_target_t": [
    0.3767206370830536,
    0.3844279944896698,
    0.36879879236221313,
    0.37095344066619873,
    0.3866989314556122,
    0.3707057237625122,
    0.3839541971683502,
    0.37220901250839233,
    0.5947268605232239,
    0.6072307229042053,
    0.6978414058685303,
    0.7261776328086853,
    0.7386461496353149,
    0.782945454120636,
    0.3897233009338379,
    0.3836769461631775,
    0.375507652759552,
    0.39900943636894226,
    0.41182512044906616,
    0.41620105504989624,
    0.4125732183456421,
    0.3960804343223572,
    0.38993462920188904,
    0.394750714302063,
    0.4093082547187805,
    0.3879670202732086,
    0.42106562852859497,
    0.4243907034397125,
    0.40858960151672363
  ],
  "clean_mse_by_target_t_ablated": [
    0.39409664273262024,
    0.4044246971607208,
    0.3883109986782074,
    0.3946705162525177,
    0.4054674804210663,
    0.3897409439086914,
    0.40693822503089905,
    0.39065974950790405,
    0.8395733833312988,
    0.9193767309188843,
    2.0246880054473877,
    2.0635693073272705,
    2.0299789905548096,
    2.0230886936187744,
    0.4198823869228363,
    0.4090810716152191,
    0.3966652452945709,
    0.41713786125183105,
    0.43128716945648193,
    0.4384549558162689,
    0.433646023273468,
    0.4196681082248688,
    0.41236287355422974,
    0.41861486434936523,
    0.4300026595592499,
    0.4100085198879242,
    0.44568267464637756,
    0.45167720317840576,
    0.43301817774772644
  ],
  "constant_mse_by_target_t": [
    1.1146430969238281,
    1.1349071264266968,
    1.1162577867507935,
    1.0929982662200928,
    1.1143423318862915,
    1.1176269054412842,
    1.146535873413086,
    1.11078679561615,
    1.1338030099868774,
    1.1648942232131958,
    1.1626068353652954,
    1.182239294052124,
    1.165629506111145,
    1.1618891954421997,
    1.1790860891342163,
    1.1712812185287476,
    1.126310110092163,
    1.1508584022521973,
    1.2015010118484497,
    1.187971591949463,
    1.19015371799469,
    1.1862984895706177,
    1.1786468029022217,
    1.2034257650375366,
    1.2075458765029907,
    1.1690378189086914,
    1.2287797927856445,
    1.1930642127990723,
    1.1981279850006104
  ],
  "persistence_mse_by_target_t": [
    0.2196202278137207,
    0.231683149933815,
    0.193683922290802,
    0.19878530502319336,
    0.20838427543640137,
    0.2034337818622589,
    0.20586642622947693,
    0.20760756731033325,
    14.396235466003418,
    14.420636177062988,
    14.39676570892334,
    14.398324966430664,
    14.38736629486084,
    14.402030944824219,
    0.20933079719543457,
    0.2107677012681961,
    0.21552106738090515,
    0.2360566407442093,
    0.22895945608615875,
    0.2470594048500061,
    0.22644291818141937,
    0.2333906590938568,
    0.23561672866344452,
    0.22916783392429352,
    0.23560696840286255,
    0.223279669880867,
    0.23340067267417908,
    0.2673882842063904,
    0.226685032248497
  ],
  "last_visible_mse_by_target_t": [
    0.2196202278137207,
    0.231683149933815,
    0.193683922290802,
    0.19878530502319336,
    0.20838427543640137,
    0.2034337818622589,
    0.20586642622947693,
    0.20760756731033325,
    0.3064225912094116,
    0.4198245704174042,
    0.5154609084129333,
    0.5899925827980042,
    0.639009952545166,
    0.7168161869049072,
    0.20933079719543457,
    0.2107677012681961,
    0.21552106738090515,
    0.2360566407442093,
    0.22895945608615875,
    0.2470594048500061,
    0.22644291818141937,
    0.2333906590938568,
    0.23561672866344452,
    0.22916783392429352,
    0.23560696840286255,
    0.223279669880867,
    0.23340067267417908,
    0.2673882842063904,
    0.226685032248497
  ],