{
  "env": "dmc:reacher.hard.occ",
  "design": "hacsmv4",
  "n_actions": 6,
  "val_pred_loss": 0.5438599248727163,
  "infl_fast": 1.824021816253662,
  "infl_slow": 1.824021816253662,
  "prototype_seed": 0,
  "dataset_schema_version": 3,
  "feature_schema_version": 1,
  "feature_manifest": "outputs/smt_v3_shared/dino_features_d128/dmc_reacher_hard_manifest.json",
  "feature_manifest_sha256": "20b338e765c457d64d65e9bb290c599664c0b9bc77ab521ecc6df1950008f63c",
  "target_env": "dmc:reacher.hard",
  "masked_clean_blackout_loss": true,
  "first_post_loss_weight": 0.5,
  "hier_loss_weight": 0.1,
  "hier_loss_weight_effective": 0.1,
  "val_pred_loss_target_kind": "observed_pre_post_only",
  "deep_blackout_target_kind": "evaluation_only_hidden_clean",
  "primary_common_target_metric": "clean_mse_first_post",
  "encoder_frozen": false,
  "encoder_type": "precomputed",
  "predictor_norm": "none",
  "external_features_fixed": true,
  "encoder_checkpoint": null,
  "encoder_stats": null,
  "encoder_stats_sha256": null,
  "trainable_parameters": 851078,
  "tau_fast": 2.0,
  "tau_slow": 32.0,
  "alpha_fast": 0.39346933364868164,
  "alpha_slow": 0.030766764655709267,
  "n_banks": 3.0,
  "tau_0": 2.0,
  "beta_0": 0.39346933364868164,
  "tau_1": 8.0,
  "beta_1": 0.1175030991435051,
  "tau_2": 32.0,
  "beta_2": 0.030766764655709267,
  "val_hier_loss": 0.7865728576978047,
  "val_hier_loss_fast": 0.6850624783833822,
  "val_hier_loss_medium": 0.6694418112436931,
  "val_hier_loss_slow": 1.0052142667770385,
  "val_hier_loss_h1": 0.6713277180989583,
  "val_hier_loss_h2": 0.6987972553571066,
  "val_hier_loss_h4": 0.6141631023089091,
  "val_hier_loss_h8": 0.7247204605738322,
  "val_hier_loss_h16": 1.0052142667770385,
  "clean_mse_pre": 0.35017070174217224,
  "clean_mse_pre_ablated": 0.3671424388885498,
  "constant_mse_pre": 1.1196157932281494,
  "persistence_mse_pre": 0.20877958834171295,
  "last_visible_mse_pre": 0.20877958834171295,
  "clean_input_mse_pre": 0.35017070174217224,
  "clean_mse_blackout_transition": 0.4957365095615387,
  "clean_mse_blackout_transition_ablated": 0.6393482685089111,
  "constant_mse_blackout_transition": 1.1364946365356445,
  "persistence_mse_blackout_transition": 9.674826622009277,
  "last_visible_mse_blackout_transition": 0.3112848997116089,
  "clean_input_mse_blackout_transition": 0.3480813503265381,
  "clean_mse_deep_blackout": 0.650303065776825,
  "clean_mse_deep_blackout_ablated": 1.3572816848754883,
  "constant_mse_deep_blackout": 1.1701585054397583,
  "persistence_mse_deep_blackout": 14.394152641296387,
  "last_visible_mse_deep_blackout": 0.5814878344535828,
  "clean_input_mse_deep_blackout": 0.36246708035469055,
  "clean_mse_first_post": 0.7035245895385742,
  "clean_mse_first_post_ablated": 1.3480653762817383,
  "constant_mse_first_post": 1.1618891954421997,
  "persistence_mse_first_post": 14.402030944824219,
  "last_visible_mse_first_post": 0.7168161869049072,
  "clean_input_mse_first_post": 0.363648921251297,
  "clean_mse_recovery": 0.3659830689430237,
  "clean_mse_recovery_ablated": 0.3900330066680908,
  "constant_mse_recovery": 1.175183653831482,
  "persistence_mse_recovery": 0.21004924178123474,
  "last_visible_mse_recovery": 0.21004924178123474,
  "clean_input_mse_recovery": 0.36458098888397217,
  "clean_mse_late_post": 0.38075435161590576,
  "clean_mse_late_post_ablated": 0.3996226489543915,
  "constant_mse_late_post": 1.1862863302230835,
  "persistence_mse_late_post": 0.2337365746498108,
  "last_visible_mse_late_post": 0.2337365746498108,
  "clean_input_mse_late_post": 0.3810754120349884,
  "clean_mse_all": 0.42326241731643677,
  "clean_mse_all_ablated": 0.5476934909820557,
  "constant_mse_all": 1.1617672443389893,
  "persistence_mse_all": 3.1561756134033203,
  "last_visible_mse_all": 0.2867332696914673,
  "clean_input_mse_all": 0.36653900146484375,
  "prediction_target_times": [
    3,
    4,
    5,
    6,
    7,
    8,
    9,
    10,
    11,
    12,
    13,
    14,
    15,
    16,
    17,
    18,
    19,
    20,
    21,
    22,
    23,
    24,
    25,
    26,
    27,
    28,
    29,
    30,
    31
  ],
  "clean_mse_by_target_t": [
    0.3491564095020294,
    0.35906046628952026,
    0.34275323152542114,
    0.34166744351387024,
    0.35695886611938477,
    0.3437044024467468,
    0.35789409279823303,
    0.34332871437072754,
    0.5729988813400269,
    0.5708819031715393,
    0.6282631754875183,
    0.6569092869758606,
    0.6657366156578064,
    0.7035245895385742,
    0.3681074380874634,
    0.36385872960090637,
    0.348989337682724,
    0.3705452084541321,
    0.38698846101760864,
    0.38926565647125244,
    0.38815632462501526,
    0.3749748170375824,
    0.36994409561157227,
    0.37677666544914246,
    0.38995304703712463,
    0.3673899471759796,
    0.40273478627204895,
    0.3996187448501587,
    0.38446953892707825
  ],
  "clean_mse_by_target_t_ablated": [
    0.36424773931503296,
    0.3763938248157501,
    0.3591160476207733,
    0.360422819852829,
    0.3728703558444977,
    0.3602812886238098,
    0.3766648769378662,
    0.3584749102592468,
    0.7535274028778076,
    0.806042492389679,
    1.3445253372192383,
    1.376052975654602,
    1.3512669801712036,
    1.3480653762817383,
    0.39437752962112427,
    0.38568851351737976,
    0.3659798502922058,
    0.38567376136779785,
    0.4051358997821808,
    0.409162700176239,
    0.4058820903301239,
    0.39526161551475525,
    0.3904697000980377,
    0.39886561036109924,
    0.4065217971801758,
    0.38431552052497864,
    0.42262473702430725,
    0.4215167462825775,
    0.40368467569351196
  ],
  "constant_mse_by_target_t": [
    1.1146430969238281,
    1.1349071264266968,
    1.1162577867507935,
    1.0929982662200928,
    1.1143423318862915,
    1.1176269054412842,
    1.146535873413086,
    1.11078679561615,
    1.1338030099868774,
    1.1648942232131958,
    1.1626068353652954,
    1.182239294052124,
    1.165629506111145,
    1.1618891954421997,
    1.1790860891342163,
    1.1712812185287476,
    1.126310110092163,
    1.1508584022521973,
    1.2015010118484497,
    1.187971591949463,
    1.19015371799469,
    1.1862984895706177,
    1.1786468029022217,
    1.2034257650375366,
    1.2075458765029907,
    1.1690378189086914,
    1.2287797927856445,
    1.1930642127990723,
    1.1981279850006104
  ],
  "persistence_mse_by_target_t": [
    0.2196202278137207,
    0.231683149933815,
    0.193683922290802,
    0.19878530502319336,
    0.20838427543640137,
    0.2034337818622589,
    0.20586642622947693,
    0.20760756731033325,
    14.396235466003418,
    14.420636177062988,
    14.39676570892334,
    14.398324966430664,
    14.38736629486084,
    14.402030944824219,
    0.20933079719543457,
    0.2107677012681961,
    0.21552106738090515,
    0.2360566407442093,
    0.22895945608615875,
    0.2470594048500061,
    0.22644291818141937,
    0.2333906590938568,
    0.23561672866344452,
    0.22916783392429352,
    0.23560696840286255,
    0.223279669880867,
    0.23340067267417908,
    0.2673882842063904,
    0.226685032248497
  ],
  "last_visible_mse_by_target_t": [
    0.2196202278137207,
    0.231683149933815,
    0.193683922290802,
    0.19878530502319336,
    0.20838427543640137,
    0.2034337818622589,
    0.20586642622947693,
    0.20760756731033325,
    0.3064225912094116,
    0.4198245704174042,
    0.5154609084129333,
    0.5899925827980042,
    0.639009952545166,
    0.7168161869049072,
    0.20933079719543457,
    0.2107677012681961,
    0.21552106738090515,
    0.2360566407442093,
    0.22895945608615875,
    0.2470594048500061,
    0.22644291818141937,
    0.2333906590938568,
    0.23561672866344452,
    0.22916783392429352,
    0.23560696840286255,
    0.223279669880867,
    0.23340067267417908,
    0.2673882842063904,
    0.226685032248497
  ],